Customer_ID,Customer_Name,Segment,Country,City,State,Postal_Code,Region
JL-15130,Jack Lebron,Consumer,United States,Riverside,California,92503,West
SW-20245,Scot Wooten,Consumer,United States,Springfield,Ohio,45503,East
SM-20320,Sean Miller,Home Office,United States,Jacksonville,Florida,32216,South
ML-18040,Michelle Lonsdale,Corporate,United States,Missouri City,Texas,77489,Central
JG-15115,Jack Garza,Consumer,United States,Charlotte,North Carolina,28205,South
VG-21805,Vivek Grady,Corporate,United States,Virginia Beach,Virginia,23464,South
BK-11260,Berenike Kampe,Consumer,United States,San Francisco,California,94110,West
CM-12385,Christopher Martinez,Consumer,United States,North Charleston,South Carolina,29406,South
HM-14860,Harry Marie,Corporate,United States,Loveland,Colorado,80538,West
PS-18970,Paul Stevenson,Home Office,United States,Chicago,Illinois,60610,Central
LH-17020,Lisa Hazard,Consumer,United States,Tyler,Texas,75701,Central
SC-20020,Sam Craven,Consumer,United States,Midland,Michigan,48640,Central
KB-16405,Katrina Bavinger,Home Office,United States,New York City,New York,10035,East
RH-19495,Rick Hansen,Consumer,United States,Denver,Colorado,80219,West
AG-10900,Arthur Gainer,Consumer,United States,Philadelphia,Pennsylvania,19134,East
RA-19885,Ruben Ausman,Corporate,United States,Athens,Georgia,30605,South
RD-19810,Ross DeVincentis,Home Office,United States,Los Angeles,California,90045,West
JE-15610,Jim Epp,Corporate,United States,San Diego,California,92105,West
KD-16495,Keith Dawkins,Corporate,United States,Jackson,Michigan,49201,Central
NS-18640,Noel Staavos,Corporate,United States,Los Angeles,California,90049,West
RO-19780,Rose O'Brian,Consumer,United States,San Francisco,California,94110,West
CS-12505,Cindy Stewart,Consumer,United States,San Francisco,California,94122,West
SC-20260,Scott Cohen,Corporate,United States,Corpus Christi,Texas,78415,Central
HG-14845,Harry Greene,Consumer,United States,Lake Charles,Louisiana,70601,South
JK-15640,Jim Kriz,Home Office,United States,Seattle,Washington,98105,West
MG-17650,Matthew Grinstein,Home Office,United States,Jackson,Michigan,49201,Central
TM-21490,Tony Molinari,Consumer,United States,San Francisco,California,94110,West
CK-12325,Christine Kargatis,Home Office,United States,Troy,Ohio,45373,East
JM-15865,John Murray,Consumer,United States,Jamestown,New York,14701,East
EB-13975,Erica Bern,Corporate,United States,Greensboro,North Carolina,27405,South
JH-15910,Jonathan Howell,Consumer,United States,Atlanta,Georgia,30318,South
DS-13030,Darrin Sayre,Home Office,United States,San Francisco,California,94122,West
AG-10765,Anthony Garverick,Home Office,United States,Philadelphia,Pennsylvania,19120,East
BS-11380,Bill Stewart,Corporate,United States,Denver,Colorado,80219,West
RB-19570,Rob Beeghly,Consumer,United States,Seattle,Washington,98105,West
SB-20290,Sean Braxton,Corporate,United States,Kent,Ohio,44240,East
LH-16750,Larry Hughes,Consumer,United States,Chandler,Arizona,85224,West
TG-21640,Trudy Glocke,Consumer,United States,Pocatello,Idaho,83201,West
ML-18265,Muhammed Lee,Consumer,United States,Fayetteville,North Carolina,28314,South
AR-10345,Alex Russell,Corporate,United States,Lawrence,Massachusetts,1841,East
JC-16105,Julie Creighton,Corporate,United States,Durham,North Carolina,27707,South
JK-16090,Juliana Krohn,Consumer,United States,Louisville,Kentucky,40214,South
BH-11710,Brosina Hoffman,Consumer,United States,Hattiesburg,Mississippi,39401,South
EB-13705,Ed Braxton,Corporate,United States,San Francisco,California,94122,West
RH-19555,Ritsa Hightower,Consumer,United States,Tallahassee,Florida,32303,South
GB-14530,George Bell,Corporate,United States,Aurora,Colorado,80013,West
JD-16150,Justin Deggeller,Corporate,United States,New York City,New York,10011,East
VD-21670,Valerie Dominguez,Consumer,United States,Columbia,Tennessee,38401,South
BP-11290,Beth Paige,Consumer,United States,Concord,North Carolina,28027,South
CG-12520,Claire Gute,Consumer,United States,Henderson,Kentucky,42420,South
MM-18055,Michelle Moray,Consumer,United States,San Francisco,California,94110,West
CB-12025,Cassandra Brandow,Consumer,United States,Philadelphia,Pennsylvania,19134,East
EB-13870,Emily Burns,Consumer,United States,Philadelphia,Pennsylvania,19140,East
ED-13885,Emily Ducich,Home Office,United States,New York City,New York,10011,East
AB-10600,Ann Blume,Corporate,United States,Chicago,Illinois,60623,Central
BD-11500,Bradley Drucker,Consumer,United States,Chicago,Illinois,60653,Central
PH-18790,Patricia Hirasaki,Home Office,United States,Lakeland,Florida,33801,South
BT-11530,Bradley Talbott,Home Office,United States,Los Angeles,California,90036,West
SC-20680,Steve Carroll,Home Office,United States,Broken Arrow,Oklahoma,74012,Central
JM-15580,Jill Matthias,Consumer,United States,Seattle,Washington,98105,West
BW-11200,Ben Wallace,Consumer,United States,Skokie,Illinois,60076,Central
LW-17215,Luke Weiss,Consumer,United States,Fort Collins,Colorado,80525,West
TS-21610,Troy Staebel,Consumer,United States,San Francisco,California,94122,West
Co-12640,Corey-Lock,Consumer,United States,Philadelphia,Pennsylvania,19143,East
EC-14050,Erin Creighton,Consumer,United States,New York City,New York,10024,East
KC-16255,Karen Carlisle,Corporate,United States,New York City,New York,10009,East
JW-15955,Joni Wasserman,Consumer,United States,Philadelphia,Pennsylvania,19120,East
CK-12205,Chloris Kastensmidt,Consumer,United States,Philadelphia,Pennsylvania,19120,East
KM-16720,Kunst Miller,Consumer,United States,Long Beach,New York,11561,East
TP-21565,Tracy Poddar,Corporate,United States,Aurora,Colorado,80013,West
HG-15025,Hunter Glantz,Consumer,United States,Los Angeles,California,90032,West
MS-17770,Maxwell Schwartz,Consumer,United States,San Francisco,California,94109,West
MS-17980,Michael Stewart,Corporate,United States,Philadelphia,Pennsylvania,19134,East
MW-18220,Mitch Webber,Consumer,United States,Coon Rapids,Minnesota,55433,Central
SB-20185,Sarah Brown,Consumer,United States,Concord,New Hampshire,3301,East
SV-20815,Stuart Van,Corporate,United States,Miami,Florida,33142,South
SG-20605,Speros Goranitis,Consumer,United States,New York City,New York,10009,East
SM-20905,Susan MacKendrick,Consumer,United States,Newark,Ohio,43055,East
YS-21880,Yana Sorensen,Corporate,United States,Hesperia,California,92345,West
JL-15835,John Lee,Consumer,United States,Los Angeles,California,90049,West
MH-18115,Mick Hernandez,Home Office,United States,Sanford,Florida,32771,South
FO-14305,Frank Olsen,Consumer,United States,Sacramento,California,95823,West
HA-14920,Helen Andreada,Consumer,United States,Chicago,Illinois,60623,Central
AC-10450,Amy Cox,Consumer,United States,New York City,New York,10011,East
BD-11605,Brian Dahlen,Consumer,United States,Miami,Florida,33180,South
BD-11620,Brian DeCherney,Consumer,United States,Wilmington,North Carolina,28403,South
DB-13555,Dorothy Badders,Corporate,United States,Henderson,Kentucky,42420,South
KN-16390,Katherine Nockton,Corporate,United States,Los Angeles,California,90004,West
CG-12040,Catherine Glotzbach,Home Office,United States,Lebanon,Tennessee,37087,South
AG-10525,Andy Gerbode,Corporate,United States,Richmond,Virginia,23223,South
ND-18460,Neil Ducich,Corporate,United States,Chandler,Arizona,85224,West
TB-21355,Todd Boyes,Corporate,United States,Sandy Springs,Georgia,30328,South
CT-11995,Carol Triggs,Consumer,United States,Apple Valley,Minnesota,55124,Central
HE-14800,Harold Engle,Corporate,United States,Newark,Delaware,19711,East
SH-20635,Stefanie Holloman,Corporate,United States,Sacramento,California,95823,West
PF-19225,Phillip Flathmann,Consumer,United States,Atlanta,Georgia,30318,South
SN-20560,Skye Norling,Home Office,United States,Chicago,Illinois,60653,Central
SN-20710,Steve Nguyen,Home Office,United States,Jackson,Mississippi,39212,South
AC-10420,Alyssa Crouse,Corporate,United States,Philadelphia,Pennsylvania,19120,East
KN-16450,Kean Nguyen,Corporate,United States,Baltimore,Maryland,21215,East
TS-21085,Thais Sissman,Consumer,United States,Ormond Beach,Florida,32174,South
JP-15460,Jennifer Patt,Corporate,United States,Glendale,Arizona,85301,West
LS-16975,Lindsay Shagiari,Home Office,United States,San Francisco,California,94109,West
EB-14110,Eugene Barchas,Consumer,United States,Columbus,Ohio,43229,East
BE-11455,Brad Eason,Home Office,United States,Cleveland,Ohio,44105,East
LR-17035,Lisa Ryan,Corporate,United States,San Francisco,California,94109,West
PF-19165,Philip Fox,Consumer,United States,San Diego,California,92105,West
AG-10390,Allen Goldenen,Consumer,United States,Los Angeles,California,90004,West
SR-20740,Steven Roelle,Home Office,United States,Los Angeles,California,90049,West
DL-12925,Daniel Lacy,Consumer,United States,Noblesville,Indiana,46060,Central
TB-21280,Toby Braunhardt,Consumer,United States,Norman,Oklahoma,73071,Central
DV-13465,Dianna Vittorini,Consumer,United States,Long Beach,New York,11561,East
LT-17110,Liz Thompson,Consumer,United States,Jacksonville,North Carolina,28540,South
RM-19750,Roland Murray,Consumer,United States,New York City,New York,10011,East
DN-13690,Duane Noonan,Consumer,United States,Moreno Valley,California,92553,West
JB-15925,Joni Blumstein,Consumer,United States,Dublin,Ohio,43017,East
SS-20410,Shahid Shariari,Consumer,United States,Atlanta,Georgia,30318,South
SG-20080,Sandra Glassco,Consumer,United States,Independence,Missouri,64055,Central
JE-15475,Jeremy Ellison,Consumer,United States,Troy,New York,12180,East
NP-18685,Nora Pelletier,Home Office,United States,Des Moines,Washington,98198,West
AM-10360,Alice McCarthy,Corporate,United States,Cleveland,Ohio,44105,East
HZ-14950,Henia Zydlo,Consumer,United States,Houston,Texas,77095,Central
TB-21595,Troy Blackwell,Consumer,United States,Springfield,Ohio,45503,East
AC-10615,Ann Chong,Corporate,United States,Philadelphia,Pennsylvania,19143,East
ZD-21925,Zuschuss Donatelli,Consumer,United States,Los Angeles,California,90036,West
BG-11695,Brooke Gillingham,Corporate,United States,Cincinnati,Ohio,45231,East
MH-17785,Maya Herman,Corporate,United States,San Diego,California,92105,West
MC-17275,Marc Crier,Consumer,United States,Camarillo,California,93010,West
SB-20170,Sarah Bern,Consumer,United States,New York City,New York,10035,East
SW-20755,Steven Ward,Corporate,United States,Seattle,Washington,98115,West
PR-18880,Patrick Ryan,Consumer,United States,Tampa,Florida,33614,South
MY-18295,Muhammed Yedwab,Corporate,United States,Newark,Delaware,19711,East
KH-16360,Katherine Hughes,Consumer,United States,Arlington,Virginia,22204,South
TH-21100,Thea Hendricks,Consumer,United States,Los Angeles,California,90045,West
EM-14095,Eudokia Martin,Corporate,United States,Los Angeles,California,90036,West
TB-21400,Tom Boeckenhauer,Consumer,United States,New York City,New York,10024,East
CD-12790,Cynthia Delaney,Home Office,United States,Moreno Valley,California,92553,West
DO-13435,Denny Ordway,Consumer,United States,Mesa,Arizona,85204,West
GM-14500,Gene McClure,Consumer,United States,Seattle,Washington,98103,West
PV-18985,Paul Van Hugh,Home Office,United States,San Francisco,California,94122,West
RB-19645,Robert Barroso,Corporate,United States,Atlanta,Georgia,30318,South
BF-11080,Bart Folk,Consumer,United States,Baltimore,Maryland,21215,East
CD-11980,Carol Darley,Consumer,United States,New York City,New York,10011,East
ML-17410,Maris LaWare,Consumer,United States,Chicago,Illinois,60653,Central
SC-20575,Sonia Cooley,Consumer,United States,Miami,Florida,33178,South
EM-14140,Eugene Moren,Home Office,United States,Santa Ana,California,92704,West
BF-10975,Barbara Fisher,Corporate,United States,Charlotte,North Carolina,28205,South
CL-11890,Carl Ludwig,Consumer,United States,San Francisco,California,94122,West
ND-18370,Natalie DeCherney,Consumer,United States,Portland,Oregon,97206,West
AS-10240,Alan Shonely,Consumer,United States,Philadelphia,Pennsylvania,19120,East
SC-20095,Sanjit Chand,Consumer,United States,Concord,California,94521,West
JR-16210,Justin Ritter,Corporate,United States,Springfield,Oregon,97477,West
AT-10735,Annie Thurman,Consumer,United States,Stockton,California,95207,West
CM-12115,Chad McGuire,Consumer,United States,San Francisco,California,94109,West
GM-14440,Gary McGarr,Consumer,United States,Los Angeles,California,90049,West
GD-14590,Giulietta Dortch,Corporate,United States,Everett,Washington,98208,West
JP-16135,Julie Prescott,Home Office,United States,Muskogee,Oklahoma,74403,Central
NF-18595,Nicole Fjeld,Home Office,United States,Lancaster,Ohio,43130,East
BD-11320,Bill Donatelli,Consumer,United States,Los Angeles,California,90004,West
NF-18475,Neil Französisch,Home Office,United States,Reno,Nevada,89502,West
RD-19900,Ruben Dartt,Consumer,United States,San Diego,California,92037,West
MH-17440,Mark Haberlin,Corporate,United States,Jackson,Mississippi,39212,South
IG-15085,Ivan Gibson,Consumer,United States,Norwich,Connecticut,6360,East
JM-15535,Jessica Myrick,Consumer,United States,New York City,New York,10035,East
LT-16765,Larry Tron,Consumer,United States,Louisville,Colorado,80027,West
MG-17680,Maureen Gastineau,Home Office,United States,Mentor,Ohio,44060,East
AH-10075,Adam Hart,Corporate,United States,Cranston,Rhode Island,2920,East
KL-16555,Kelly Lampkin,Corporate,United States,Greensboro,North Carolina,27405,South
BP-11050,Barry Pond,Corporate,United States,Cranston,Rhode Island,2920,East
CC-12145,Charles Crestani,Consumer,United States,El Paso,Texas,79907,Central
CY-12745,Craig Yedwab,Corporate,United States,San Francisco,California,94110,West
JK-15625,Jim Karlsson,Consumer,United States,Jackson,Mississippi,39212,South
JM-15265,Janet Molinari,Corporate,United States,Los Angeles,California,90036,West
BS-11365,Bill Shonely,Corporate,United States,Lakewood,New Jersey,8701,East
LC-16870,Lena Cacioppo,Consumer,United States,Des Moines,Iowa,50315,Central
CA-12310,Christine Abelman,Corporate,United States,Anaheim,California,92804,West
HW-14935,Helen Wasserman,Corporate,United States,New York City,New York,10024,East
CC-12685,Craig Carroll,Consumer,United States,Henderson,Kentucky,42420,South
CS-12490,Cindy Schnelling,Corporate,United States,Lakeland,Florida,33801,South
JG-15160,James Galang,Consumer,United States,Plainfield,New Jersey,7060,East
MO-17950,Michael Oakman,Consumer,United States,Dallas,Texas,75220,Central
PK-18910,Paul Knutson,Home Office,United States,Philadelphia,Pennsylvania,19143,East
JM-15655,Jim Mitchum,Corporate,United States,Glendale,Arizona,85301,West
FH-14350,Fred Harton,Consumer,United States,Dublin,Ohio,43017,East
JH-16180,Justin Hirsh,Consumer,United States,Philadelphia,Pennsylvania,19140,East
JS-15880,John Stevenson,Consumer,United States,Toledo,Ohio,43615,East
DS-13180,David Smith,Corporate,United States,San Antonio,Texas,78207,Central
FA-14230,Frank Atkinson,Corporate,United States,Los Angeles,California,90032,West
BN-11515,Bradley Nguyen,Consumer,United States,Lakeville,Minnesota,55044,Central
DC-12850,Dan Campbell,Consumer,United States,Arlington,Texas,76017,Central
KW-16435,Katrina Willman,Consumer,United States,Austin,Texas,78745,Central
MS-17365,Maribeth Schnelling,Consumer,United States,Carlsbad,New Mexico,88220,West
SM-20005,Sally Matthias,Consumer,United States,Houston,Texas,77041,Central
AB-10060,Adam Bellavance,Home Office,United States,Philadelphia,Pennsylvania,19143,East
JE-15745,Joel Eaton,Consumer,United States,Louisville,Colorado,80027,West
AH-10195,Alan Haines,Corporate,United States,New York City,New York,10024,East
CR-12580,Clay Rozendal,Home Office,United States,Bellevue,Washington,98006,West
JJ-15445,Jennifer Jackson,Consumer,United States,Newark,Delaware,19711,East
LP-17095,Liz Preis,Consumer,United States,Murray,Kentucky,42071,South
LW-17125,Liz Willingham,Consumer,United States,Oxnard,California,93030,West
PP-18955,Paul Prost,Home Office,United States,Holyoke,Massachusetts,1040,East
CM-12445,Chuck Magee,Consumer,United States,Redlands,California,92374,West
LC-16960,Lindsay Castell,Home Office,United States,Tampa,Florida,33614,South
PO-18865,Patrick O'Donnell,Consumer,United States,Columbia,South Carolina,29203,South
BF-11170,Ben Ferrer,Home Office,United States,San Francisco,California,94109,West
JB-16000,Joy Bell-,Consumer,United States,Roseville,Michigan,48066,Central
RP-19855,Roy Phan,Corporate,United States,Los Angeles,California,90032,West
SS-20515,Shirley Schmidt,Home Office,United States,Louisville,Kentucky,40214,South
MC-17575,Matt Collins,Consumer,United States,Cincinnati,Ohio,45231,East
ME-17725,Max Engle,Consumer,United States,Louisville,Kentucky,40214,South
SS-20590,Sonia Sunley,Consumer,United States,Wichita,Kansas,67212,Central
NH-18610,Nicole Hansen,Corporate,United States,Irving,Texas,75061,Central
AH-10030,Aaron Hawkins,Corporate,United States,San Francisco,California,94109,West
JK-15325,Jason Klamczynski,Corporate,United States,Atlantic City,New Jersey,8401,East
JS-16030,Joy Smith,Consumer,United States,Hattiesburg,Mississippi,39401,South
LR-16915,Lena Radford,Consumer,United States,Nashville,Tennessee,37211,South
QJ-19255,Quincy Jones,Corporate,United States,Springfield,Virginia,22153,South
TB-21625,Trudy Brown,Consumer,United States,San Francisco,California,94110,West
BS-11590,Brendan Sweed,Corporate,United States,Columbus,Indiana,47201,Central
CM-11935,Carlos Meador,Consumer,United States,Fayetteville,North Carolina,28314,South
DK-12835,Damala Kotsonis,Corporate,United States,Springfield,Oregon,97477,West
JC-15340,Jasper Cacioppo,Consumer,United States,Los Angeles,California,90032,West
AR-10570,Anemone Ratner,Consumer,United States,Columbus,Georgia,31907,South
BO-11425,Bobby Odegard,Consumer,United States,New York City,New York,10024,East
JL-15175,James Lanier,Home Office,United States,Reno,Nevada,89502,West
RW-19540,Rick Wilson,Corporate,United States,Seattle,Washington,98103,West
SV-20785,Stewart Visinsky,Consumer,United States,Baltimore,Maryland,21215,East
LE-16810,Laurel Elliston,Consumer,United States,Springfield,Virginia,22153,South
MG-18145,Mike Gockenbach,Consumer,United States,Philadelphia,Pennsylvania,19134,East
TC-21145,Theresa Coyne,Corporate,United States,Lakewood,New Jersey,8701,East
MC-18130,Mike Caudle,Corporate,United States,Newark,Delaware,19711,East
BM-11785,Bryan Mills,Consumer,United States,Buffalo Grove,Illinois,60089,Central
AA-10480,Andrew Allen,Consumer,United States,Concord,North Carolina,28027,South
CC-12475,Cindy Chapman,Consumer,United States,San Francisco,California,94122,West
JF-15295,Jason Fortune-,Consumer,United States,Plano,Texas,75023,Central
KH-16510,Keith Herrera,Consumer,United States,Dallas,Texas,75081,Central
SC-20050,Sample Company A,Home Office,United States,Jackson,Michigan,49201,Central
RH-19600,Rob Haberlin,Consumer,United States,Carol Stream,Illinois,60188,Central
VF-21715,Vicky Freymann,Home Office,United States,Los Angeles,California,90045,West
RM-19375,Raymond Messe,Consumer,United States,Burlington,Vermont,5408,East
SC-20845,Sung Chung,Consumer,United States,Louisville,Colorado,80027,West
SP-20920,Susan Pistek,Consumer,United States,Columbus,Ohio,43229,East
BT-11395,Bill Tyler,Corporate,United States,Detroit,Michigan,48227,Central
MA-17995,Michelle Arnett,Home Office,United States,Cheyenne,Wyoming,82001,West
PO-18850,Patrick O'Brill,Consumer,United States,Tallahassee,Florida,32303,South
GP-14740,Guy Phonely,Corporate,United States,Lancaster,Pennsylvania,17602,East
RW-19690,Robert Waldorf,Consumer,United States,Los Angeles,California,90049,West
NS-18505,Neola Schneider,Consumer,United States,Dallas,Texas,75217,Central
SF-20065,Sandra Flanagan,Consumer,United States,Pomona,California,91767,West
AF-10870,Art Ferguson,Consumer,United States,Chicago,Illinois,60610,Central
KL-16645,Ken Lonsdale,Consumer,United States,Seattle,Washington,98105,West
TB-21250,Tim Brockman,Consumer,United States,Salem,Oregon,97301,West
VW-21775,Victoria Wilson,Corporate,United States,Los Angeles,California,90032,West
MG-18205,Mitch Gastineau,Corporate,United States,Jacksonville,Florida,32216,South
AZ-10750,Annie Zypern,Consumer,United States,New York City,New York,10009,East
DB-13060,Dave Brooks,Consumer,United States,Skokie,Illinois,60076,Central
JF-15190,Jamie Frazer,Consumer,United States,Manchester,Connecticut,6040,East
SL-20155,Sara Luxemburg,Home Office,United States,Jacksonville,Florida,32216,South
AG-10300,Aleksandra Gannaway,Corporate,United States,Las Vegas,Nevada,89115,West
KD-16270,Karen Daniels,Consumer,United States,Springfield,Virginia,22153,South
GT-14710,Greg Tran,Consumer,United States,San Francisco,California,94109,West
JD-16015,Joy Daniels,Consumer,United States,Philadelphia,Pennsylvania,19120,East
JR-15700,Jocasta Rupert,Consumer,United States,Jacksonville,Florida,32216,South
BC-11125,Becky Castell,Home Office,United States,Peoria,Arizona,85345,West
KH-16630,Ken Heidel,Corporate,United States,Seattle,Washington,98105,West
KH-16690,Kristen Hastings,Corporate,United States,Los Angeles,California,90008,West
LC-17050,Liz Carlisle,Consumer,United States,Los Angeles,California,90004,West
TS-21655,Trudy Schmidt,Consumer,United States,Milwaukee,Wisconsin,53209,Central
CK-12760,Cyma Kinney,Corporate,United States,Aurora,Illinois,60505,Central
BT-11440,Bobby Trafton,Consumer,United States,Frankfort,Illinois,60423,Central
NC-18535,Nick Crebassa,Corporate,United States,New Bedford,Massachusetts,2740,East
JD-16060,Julia Dunbar,Consumer,United States,San Francisco,California,94109,West
BG-11740,Bruce Geld,Consumer,United States,San Diego,California,92105,West
DW-13585,Dorothy Wardle,Corporate,United States,Westfield,New Jersey,7090,East
RP-19390,Resi Pölking,Consumer,United States,New York City,New York,10009,East
CJ-12010,Caroline Jumper,Consumer,United States,Huntington Beach,California,92646,West
DV-13045,Darrin Van Huff,Corporate,United States,Philadelphia,Pennsylvania,19143,East
KM-16375,Katherine Murray,Home Office,United States,Salem,Virginia,24153,South
MC-17425,Mark Cousins,Corporate,United States,New York City,New York,10035,East
CR-12625,Corey Roper,Home Office,United States,Lakewood,New Jersey,8701,East
DJ-13420,Denny Joy,Corporate,United States,Milwaukee,Wisconsin,53209,Central
AI-10855,Arianne Irving,Consumer,United States,Philadelphia,Pennsylvania,19120,East
HL-15040,Hunter Lopez,Consumer,United States,Milwaukee,Wisconsin,53209,Central
AT-10435,Alyssa Tate,Home Office,United States,Akron,Ohio,44312,East
MV-18190,Mike Vittorini,Consumer,United States,Detroit,Michigan,48234,Central
SP-20620,Stefania Perrino,Corporate,United States,Long Beach,New York,11561,East
AP-10915,Arthur Prichep,Consumer,United States,Denver,Colorado,80219,West
SC-20230,Scot Coram,Corporate,United States,Lowell,Massachusetts,1852,East
TS-21370,Todd Sumrall,Corporate,United States,New York City,New York,10035,East
MD-17860,Michael Dominguez,Corporate,United States,Philadelphia,Pennsylvania,19134,East
RS-19420,Ricardo Sperren,Corporate,United States,Meriden,Connecticut,6450,East
CC-12100,Chad Cunningham,Home Office,United States,Los Angeles,California,90045,West
CM-12190,Charlotte Melton,Consumer,United States,Philadelphia,Pennsylvania,19134,East
LP-17080,Liz Pelletier,Consumer,United States,Tucson,Arizona,85705,West
PL-18925,Paul Lucas,Home Office,United States,Chicago,Illinois,60610,Central
DR-12880,Dan Reichenbach,Corporate,United States,Gresham,Oregon,97030,West
SZ-20035,Sam Zeldin,Home Office,United States,New York City,New York,10035,East
ZC-21910,Zuschuss Carroll,Consumer,United States,Pomona,California,91767,West
DB-13120,David Bremer,Corporate,United States,Rochester,New York,14609,East
MG-17695,Maureen Gnade,Consumer,United States,Buffalo,New York,14215,East
JO-15145,Jack O'Briant,Corporate,United States,Athens,Georgia,30605,South
AR-10405,Allen Rosenblatt,Corporate,United States,Trenton,Michigan,48183,Central
AS-10045,Aaron Smayling,Corporate,United States,Arlington,Virginia,22204,South
JF-15565,Jill Fjeld,Consumer,United States,Philadelphia,Pennsylvania,19120,East
SG-20890,Susan Gilcrest,Corporate,United States,Amarillo,Texas,79109,Central
BG-11035,Barry Gonzalez,Consumer,United States,Hampton,Virginia,23666,South
DB-13660,Duane Benoit,Consumer,United States,Houston,Texas,77095,Central
DG-13300,Deirdre Greer,Corporate,United States,Seattle,Washington,98105,West
GA-14515,George Ashbrook,Consumer,United States,Dallas,Texas,75081,Central
MN-17935,Michael Nguyen,Consumer,United States,El Paso,Texas,79907,Central
DM-13015,Darrin Martin,Consumer,United States,Philadelphia,Pennsylvania,19143,East
EM-13825,Elizabeth Moffitt,Corporate,United States,Sioux Falls,South Dakota,57103,Central
KA-16525,Kelly Andreada,Consumer,United States,Ontario,California,91761,West
KB-16585,Ken Black,Corporate,United States,San Francisco,California,94110,West
TB-21190,Thomas Brumley,Home Office,United States,Riverside,California,92503,West
EK-13795,Eileen Kiefer,Home Office,United States,San Francisco,California,94110,West
RP-19270,Rachel Payne,Corporate,United States,Seattle,Washington,98115,West
AW-10840,Anthony Witt,Consumer,United States,Farmington,New Mexico,87401,West
MA-17560,Matt Abelman,Home Office,United States,Houston,Texas,77095,Central
DP-13000,Darren Powers,Consumer,United States,Los Angeles,California,90004,West
JD-15895,Jonathan Doherty,Corporate,United States,Belleville,New Jersey,7109,East
BS-11665,Brian Stugart,Consumer,United States,Philadelphia,Pennsylvania,19143,East
JA-15970,Joseph Airdo,Consumer,United States,Phoenix,Arizona,85023,West
JB-16045,Julia Barnett,Home Office,United States,Chula Vista,California,91911,West
DW-13195,David Wiener,Corporate,United States,Redmond,Oregon,97756,West
SJ-20215,Sarah Jordon,Consumer,United States,Los Angeles,California,90049,West
MJ-17740,Max Jones,Consumer,United States,Detroit,Michigan,48227,Central
SO-20335,Sean O'Donnell,Consumer,United States,Fort Lauderdale,Florida,33311,South
AY-10555,Andy Yotov,Corporate,United States,Oceanside,California,92054,West
TP-21415,Tom Prescott,Consumer,United States,Philadelphia,Pennsylvania,19134,East
PW-19030,Pauline Webber,Corporate,United States,Los Angeles,California,90036,West
HM-14980,Henry MacAllister,Consumer,United States,Los Angeles,California,90008,West
CM-12235,Chris McAfee,Consumer,United States,Watertown,New York,13601,East
MS-17530,MaryBeth Skach,Consumer,United States,Conway,Arkansas,72032,South
AB-10255,Alejandro Ballentine,Home Office,United States,Lorain,Ohio,44052,East
RB-19360,Raymond Buch,Consumer,United States,San Francisco,California,94122,West
SA-20830,Sue Ann Reed,Consumer,United States,Jacksonville,Florida,32216,South
CM-12715,Craig Molinari,Corporate,United States,Houston,Texas,77070,Central
FW-14395,Fred Wasserman,Corporate,United States,New York City,New York,10011,East
XP-21865,Xylona Preis,Consumer,United States,San Diego,California,92024,West
AG-10675,Anna Gayman,Consumer,United States,Jacksonville,North Carolina,28540,South
FM-14215,Filia McAdams,Corporate,United States,Greensboro,North Carolina,27405,South
ME-18010,Michelle Ellison,Corporate,United States,Port Arthur,Texas,77642,Central
SV-20935,Susan Vittorini,Consumer,United States,Oceanside,New York,11572,East
VG-21790,Vivek Gonzalez,Consumer,United States,San Francisco,California,94109,West
KF-16285,Karen Ferguson,Home Office,United States,San Diego,California,92105,West
CR-12730,Craig Reiter,Consumer,United States,New York City,New York,10009,East
NM-18520,Neoma Murray,Consumer,United States,Chicago,Illinois,60610,Central
AD-10180,Alan Dominguez,Home Office,United States,New York City,New York,10035,East
AO-10810,Anthony O'Donnell,Corporate,United States,Los Angeles,California,90045,West
DB-13210,Dean Braden,Consumer,United States,Jacksonville,North Carolina,28540,South
LH-16900,Lena Hernandez,Consumer,United States,Columbus,Ohio,43229,East
TR-21325,Toby Ritter,Consumer,United States,Nashville,Tennessee,37211,South
CS-11860,Cari Schnelling,Consumer,United States,Jacksonville,North Carolina,28540,South
KH-16330,Katharine Harms,Corporate,United States,Hillsboro,Oregon,97123,West
MB-18085,Mick Brown,Consumer,United States,Charlotte,North Carolina,28205,South
BB-11545,Brenda Bowman,Corporate,United States,Columbia,Maryland,21044,East
GM-14695,Greg Maxwell,Corporate,United States,Alexandria,Virginia,22304,South
CP-12340,Christine Phan,Corporate,United States,Jacksonville,Florida,32216,South
ES-14080,Erin Smith,Corporate,United States,Providence,Rhode Island,2908,East
AB-10150,Aimee Bixby,Consumer,United States,Long Beach,New York,11561,East
GB-14575,Giulietta Baptist,Consumer,United States,New York City,New York,10011,East
MD-17350,Maribeth Dona,Consumer,United States,Akron,Ohio,44312,East
AR-10510,Andrew Roberts,Consumer,United States,Columbus,Ohio,43229,East
DB-13405,Denny Blanton,Consumer,United States,Orlando,Florida,32839,South
RA-19945,Ryan Akin,Consumer,United States,Dallas,Texas,75217,Central
SC-20380,Shahid Collister,Consumer,United States,Boise,Idaho,83704,West
DB-13360,Dennis Bolton,Home Office,United States,New York City,New York,10009,East
BN-11470,Brad Norvell,Corporate,United States,Chicago,Illinois,60623,Central
HR-14830,Harold Ryan,Corporate,United States,New York City,New York,10035,East
AS-10135,Adrian Shami,Home Office,United States,Auburn,Washington,98002,West
EP-13915,Emily Phan,Consumer,United States,Deltona,Florida,32725,South
NF-18385,Natalie Fritzler,Consumer,United States,Newark,Ohio,43055,East
GG-14650,Greg Guthrie,Corporate,United States,Bloomington,Illinois,61701,Central
JM-16195,Justin MacKendrick,Consumer,United States,Draper,Utah,84020,West
RR-19525,Rick Reed,Corporate,United States,Toledo,Ohio,43615,East
CB-12535,Claudia Bergmann,Corporate,United States,San Francisco,California,94110,West
LO-17170,Lori Olson,Corporate,United States,La Quinta,California,92253,West
RE-19405,Ricardo Emerson,Consumer,United States,Kent,Ohio,44240,East
SC-20725,Steven Cartwright,Consumer,United States,Lancaster,Pennsylvania,17602,East
AG-10270,Alejandro Grove,Consumer,United States,Philadelphia,Pennsylvania,19120,East
CC-12670,Craig Carreira,Consumer,United States,Los Angeles,California,90032,West
JO-15280,Jas O'Carroll,Consumer,United States,Los Angeles,California,90049,West
MB-17305,Maria Bertelson,Consumer,United States,League City,Texas,77573,Central
JJ-15760,Joel Jenkins,Home Office,United States,Houston,Texas,77036,Central
PW-19240,Pierre Wener,Consumer,United States,Pensacola,Florida,32503,South
VB-21745,Victoria Brennan,Corporate,United States,Houston,Texas,77041,Central
JW-16075,Julia West,Consumer,United States,Jacksonville,North Carolina,28540,South
AF-10885,Art Foster,Consumer,United States,Philadelphia,Pennsylvania,19134,East
DP-13105,Dave Poirier,Corporate,United States,Hempstead,New York,11550,East
KT-16480,Kean Thornton,Consumer,United States,Denver,Colorado,80219,West
DH-13675,Duane Huffman,Home Office,United States,San Francisco,California,94122,West
JF-15355,Jay Fein,Consumer,United States,Columbia,South Carolina,29203,South
MV-17485,Mark Van Huff,Consumer,United States,Seattle,Washington,98115,West
RB-19435,Richard Bierner,Consumer,United States,Roseville,California,95661,West
PC-19000,Pauline Chand,Home Office,United States,Los Angeles,California,90004,West
SM-20950,Suzanne McNair,Corporate,United States,Fairfield,Connecticut,6824,East
PT-19090,Pete Takahito,Consumer,United States,Chicago,Illinois,60623,Central
JS-15940,Joni Sundaresam,Home Office,United States,Philadelphia,Pennsylvania,19134,East
MP-17470,Mark Packer,Home Office,United States,Brownsville,Texas,78521,Central
MZ-17515,Mary Zewe,Corporate,United States,Seattle,Washington,98115,West
RB-19705,Roger Barcio,Home Office,United States,New York City,New York,10009,East
PB-18805,Patrick Bzostek,Home Office,United States,San Francisco,California,94122,West
AG-10330,Alex Grayson,Consumer,United States,Tulsa,Oklahoma,74133,Central
DM-13345,Denise Monton,Corporate,United States,Roswell,Georgia,30076,South
FH-14275,Frank Hawley,Corporate,United States,Los Angeles,California,90004,West
DK-13225,Dean Katz,Corporate,United States,Huntington Beach,California,92646,West
PG-18895,Paul Gonzalez,Consumer,United States,San Francisco,California,94122,West
PN-18775,Parhena Norris,Home Office,United States,Omaha,Nebraska,68104,Central
AS-10225,Alan Schoenberger,Corporate,United States,New York City,New York,10024,East
SK-19990,Sally Knutson,Consumer,United States,Fairfield,Connecticut,6824,East
AW-10930,Arthur Wiediger,Home Office,United States,Houston,Texas,77070,Central
TS-21205,Thomas Seio,Corporate,United States,San Francisco,California,94109,West
Dp-13240,Dean percer,Home Office,United States,Waterbury,Connecticut,6708,East
CS-11845,Cari Sayre,Corporate,United States,Seattle,Washington,98105,West
PF-19120,Peter Fuller,Consumer,United States,New York City,New York,10035,East
BT-11485,Brad Thomas,Home Office,United States,Philadelphia,Pennsylvania,19140,East
EM-13960,Eric Murdock,Consumer,United States,Philadelphia,Pennsylvania,19134,East
GH-14410,Gary Hansen,Home Office,United States,Yuma,Arizona,85364,West
AJ-10795,Anthony Johnson,Corporate,United States,Seattle,Washington,98115,West
DL-13315,Delfina Latchford,Consumer,United States,Philadelphia,Pennsylvania,19134,East
LS-17245,Lynn Smith,Consumer,United States,Houston,Texas,77036,Central
RL-19615,Rob Lucas,Consumer,United States,Chicago,Illinois,60610,Central
SF-20200,Sarah Foster,Consumer,United States,Philadelphia,Pennsylvania,19143,East
CS-12400,Christopher Schild,Home Office,United States,Chicago,Illinois,60623,Central
RF-19840,Roy Französisch,Consumer,United States,Columbus,Georgia,31907,South
DH-13075,Dave Hallsten,Corporate,United States,New York City,New York,10035,East
MF-17665,Maureen Fritzler,Corporate,United States,Columbia,Maryland,21044,East
HR-14770,Hallie Redmond,Home Office,United States,New York City,New York,10035,East
SC-20695,Steve Chapman,Corporate,United States,La Crosse,Wisconsin,54601,Central
SP-20650,Stephanie Phelps,Corporate,United States,Omaha,Nebraska,68104,Central
BF-11005,Barry Franz,Home Office,United States,Pasadena,Texas,77506,Central
DB-13615,Doug Bickford,Consumer,United States,Charlotte,North Carolina,28205,South
MR-17545,Mathew Reese,Home Office,United States,Philadelphia,Pennsylvania,19140,East
MT-18070,Michelle Tran,Home Office,United States,Tulsa,Oklahoma,74133,Central
NK-18490,Neil Knudson,Home Office,United States,San Francisco,California,94122,West
DJ-13630,Doug Jacobs,Consumer,United States,New York City,New York,10024,East
CM-12655,Corinna Mitchell,Home Office,United States,New York City,New York,10035,East
SH-20395,Shahid Hopkins,Consumer,United States,Rochester,New York,14609,East
TC-21535,Tracy Collins,Home Office,United States,San Francisco,California,94110,West
BE-11335,Bill Eplett,Home Office,United States,Rome,New York,13440,East
DP-13165,David Philippe,Consumer,United States,Chicago,Illinois,60610,Central
PB-19150,Philip Brown,Consumer,United States,Los Angeles,California,90004,West
MW-18235,Mitch Willingham,Corporate,United States,San Francisco,California,94122,West
PK-19075,Pete Kriz,Consumer,United States,Columbia,South Carolina,29203,South
CM-11815,Candace McMahon,Corporate,United States,El Paso,Texas,79907,Central
TD-20995,Tamara Dahlen,Consumer,United States,Philadelphia,Pennsylvania,19120,East
AJ-10780,Anthony Jacobs,Corporate,United States,Springfield,Virginia,22153,South
CD-12280,Christina DeMoss,Consumer,United States,New York City,New York,10024,East
RA-19285,Ralph Arnett,Consumer,United States,Richmond,Indiana,47374,Central
TG-21310,Toby Gnade,Consumer,United States,Raleigh,North Carolina,27604,South
NB-18655,Nona Balk,Corporate,United States,Milwaukee,Wisconsin,53209,Central
AR-10825,Anthony Rawles,Corporate,United States,Concord,California,94521,West
PM-19135,Peter McVee,Home Office,United States,Dover,New Hampshire,3820,East
HA-14905,Helen Abelman,Consumer,United States,Franklin,Massachusetts,2038,East
TS-21160,Theresa Swint,Corporate,United States,Toledo,Ohio,43615,East
GH-14665,Greg Hansen,Consumer,United States,Round Rock,Texas,78664,Central
PS-19045,Penelope Sewall,Home Office,United States,Oceanside,California,92054,West
AH-10120,Adrian Hane,Home Office,United States,Dallas,Texas,75217,Central
KC-16675,Kimberly Carter,Corporate,United States,Louisville,Kentucky,40214,South
CS-12175,Charles Sheldon,Corporate,United States,Columbia,Tennessee,38401,South
SD-20485,Shirley Daniels,Home Office,United States,Midland,Michigan,48640,Central
DR-12940,Daniel Raglin,Home Office,United States,Franklin,Massachusetts,2038,East
FC-14245,Frank Carlisle,Home Office,United States,Springfield,Ohio,45503,East
BD-11635,Brian Derr,Consumer,United States,Columbus,Ohio,43229,East
EJ-14155,Eva Jacobs,Consumer,United States,Santa Ana,California,92704,West
MY-17380,Maribeth Yedwab,Corporate,United States,Parker,Colorado,80134,West
BM-11140,Becky Martin,Consumer,United States,New York City,New York,10024,East
KD-16345,Katherine Ducich,Consumer,United States,New York City,New York,10035,East
GT-14635,Grant Thornton,Corporate,United States,Burlington,North Carolina,27217,South
JG-15805,John Grady,Corporate,United States,Decatur,Illinois,62521,Central
AR-10540,Andy Reiter,Consumer,United States,Jackson,Michigan,49201,Central
CP-12085,Cathy Prescott,Corporate,United States,Quincy,Illinois,62301,Central
MO-17500,Mary O'Rourke,Consumer,United States,Freeport,New York,11520,East
CR-12820,Cyra Reiten,Home Office,United States,Houston,Texas,77041,Central
CL-12700,Craig Leslie,Home Office,United States,Colorado Springs,Colorado,80906,West
NR-18550,Nick Radford,Consumer,United States,Perth Amboy,New Jersey,8861,East
DL-13495,Dionis Lloyd,Corporate,United States,San Francisco,California,94110,West
JE-16165,Justin Ellison,Corporate,United States,North Charleston,South Carolina,29406,South
OT-18730,Olvera Toch,Consumer,United States,Virginia Beach,Virginia,23464,South
CC-12370,Christopher Conant,Consumer,United States,Fayetteville,North Carolina,28314,South
CW-11905,Carl Weiss,Home Office,United States,Cranston,Rhode Island,2920,East
GW-14605,Giulietta Weimer,Consumer,United States,Jackson,Tennessee,38301,South
TS-21430,Tom Stivers,Corporate,United States,Seattle,Washington,98103,West
EH-13990,Erica Hackney,Consumer,United States,New York City,New York,10009,East
VM-21835,Vivian Mathis,Consumer,United States,Portage,Indiana,46368,Central
HD-14785,Harold Dahlen,Home Office,United States,Cambridge,Massachusetts,2138,East
MM-18280,Muhammed MacIntyre,Corporate,United States,Columbus,Georgia,31907,South
PJ-18835,Patrick Jones,Corporate,United States,Springfield,Virginia,22153,South
CS-11950,Carlos Soltero,Consumer,United States,Chicago,Illinois,60610,Central
TH-21115,Thea Hudgings,Corporate,United States,Philadelphia,Pennsylvania,19140,East
AP-10720,Anne Pryor,Home Office,United States,New York City,New York,10035,East
JK-15730,Joe Kamberova,Consumer,United States,Des Plaines,Illinois,60016,Central
KE-16420,Katrina Edelman,Corporate,United States,Bristol,Tennessee,37620,South
BT-11305,Beth Thompson,Home Office,United States,Seattle,Washington,98105,West
PJ-19015,Pauline Johnson,Consumer,United States,Columbus,Ohio,43229,East
LH-17155,Logan Haushalter,Consumer,United States,Los Angeles,California,90032,West
CC-12550,Clay Cheatham,Consumer,United States,San Francisco,California,94122,West
EH-13945,Eric Hoffmann,Consumer,United States,Los Angeles,California,90049,West
DA-13450,Dianna Arnett,Home Office,United States,Houston,Texas,77095,Central
RB-19465,Rick Bensley,Home Office,United States,Los Angeles,California,90036,West
TS-21505,Tony Sayre,Consumer,United States,Clovis,New Mexico,88101,West
JH-15430,Jennifer Halladay,Consumer,United States,Cleveland,Ohio,44105,East
DK-13150,David Kendrick,Corporate,United States,Decatur,Illinois,62521,Central
PG-18820,Patrick Gardner,Consumer,United States,Boynton Beach,Florida,33437,South
SW-20275,Scott Williamson,Consumer,United States,New York City,New York,10035,East
BD-11725,Bruce Degenhardt,Consumer,United States,Richmond,Kentucky,40475,South
CJ-11875,Carl Jackson,Corporate,United States,Philadelphia,Pennsylvania,19140,East
MH-17455,Mark Hamilton,Consumer,United States,Jacksonville,North Carolina,28540,South
NG-18355,Nat Gilpin,Corporate,United States,Coral Springs,Florida,33065,South
RR-19315,Ralph Ritter,Consumer,United States,Aurora,Illinois,60505,Central
TA-21385,Tom Ashbrook,Home Office,United States,New York City,New York,10035,East
BP-11230,Benjamin Patterson,Consumer,United States,Broken Arrow,Oklahoma,74012,Central
JS-15685,Jim Sink,Corporate,United States,Philadelphia,Pennsylvania,19140,East
LS-17200,Luke Schmidt,Corporate,United States,Milwaukee,Wisconsin,53209,Central
AH-10690,Anna Häberlin,Corporate,United States,San Francisco,California,94122,West
BP-11095,Bart Pistole,Corporate,United States,Jacksonville,North Carolina,28540,South
FP-14320,Frank Preis,Consumer,United States,Los Angeles,California,90008,West
SS-20875,Sung Shariari,Consumer,United States,Miami,Florida,33180,South
KC-16540,Kelly Collister,Consumer,United States,Seattle,Washington,98115,West
DO-13645,Doug O'Connell,Consumer,United States,Los Angeles,California,90036,West
FH-14365,Fred Hopkins,Corporate,United States,Hempstead,New York,11550,East
LB-16735,Larry Blacks,Consumer,United States,Fort Worth,Texas,76106,Central
MH-18025,Michelle Huthwaite,Consumer,United States,Buffalo,New York,14215,East
VS-21820,Vivek Sundaresam,Consumer,United States,Huntsville,Texas,77340,Central
IM-15055,Ionia McGrath,Consumer,United States,San Francisco,California,94122,West
TB-21520,Tracy Blumstein,Consumer,United States,Sierra Vista,Arizona,85635,West
BD-11770,Bryan Davis,Consumer,United States,Philadelphia,Pennsylvania,19120,East
TM-21010,Tamara Manning,Consumer,United States,Orem,Utah,84057,West
AS-10285,Alejandro Savely,Corporate,United States,Noblesville,Indiana,46060,Central
SU-20665,Stephanie Ulpright,Home Office,United States,Seattle,Washington,98103,West
TC-20980,Tamara Chand,Corporate,United States,Long Beach,New York,11561,East
TT-21460,Tonja Turnell,Home Office,United States,San Francisco,California,94110,West
CV-12295,Christina VanderZanden,Consumer,United States,Detroit,Michigan,48234,Central
RD-19480,Rick Duston,Consumer,United States,San Diego,California,92105,West
ST-20530,Shui Tom,Consumer,United States,Port Saint Lucie,Florida,34952,South
RH-19510,Rick Huthwaite,Home Office,United States,Provo,Utah,84604,West
BD-11560,Brendan Dodson,Home Office,United States,Springfield,Virginia,22153,South
EH-13765,Edward Hooks,Corporate,United States,New York City,New York,10009,East
RF-19345,Randy Ferguson,Corporate,United States,East Point,Georgia,30344,South
LB-16795,Laurel Beltran,Home Office,United States,Apopka,Florida,32712,South
RB-19330,Randy Bradley,Consumer,United States,Philadelphia,Pennsylvania,19143,East
DD-13570,Dorothy Dickinson,Consumer,United States,Alexandria,Virginia,22304,South
JH-15985,Joseph Holt,Consumer,United States,Saginaw,Michigan,48601,Central
MC-17635,Matthew Clasen,Corporate,United States,Richmond,Indiana,47374,Central
MK-17905,Michael Kennedy,Corporate,United States,San Diego,California,92037,West
CS-12355,Christine Sundaresam,Consumer,United States,Lafayette,Louisiana,70506,South
DF-13135,David Flashing,Consumer,United States,Vallejo,California,94591,West
NM-18445,Nathan Mautz,Home Office,United States,North Las Vegas,Nevada,89031,West
SC-20770,Stewart Carmichael,Corporate,United States,Philadelphia,Pennsylvania,19134,East
SP-20545,Sibella Parks,Corporate,United States,Chicago,Illinois,60623,Central
MZ-17335,Maria Zettner,Home Office,United States,Seattle,Washington,98105,West
LW-16990,Lindsay Williams,Corporate,United States,San Francisco,California,94110,West
AH-10585,Angele Hood,Consumer,United States,Chicago,Illinois,60623,Central
PS-18760,Pamela Stobb,Consumer,United States,San Antonio,Texas,78207,Central
TC-21475,Tony Chapman,Home Office,United States,Danville,Illinois,61832,Central
TT-21070,Ted Trevino,Consumer,United States,Chattanooga,Tennessee,37421,South
BF-11020,Barry Französisch,Corporate,United States,Jacksonville,Florida,32216,South
KB-16315,Karl Braun,Consumer,United States,Newark,Delaware,19711,East
NC-18415,Nathan Cano,Consumer,United States,Fort Worth,Texas,76106,Central
RD-19930,Russell D'Ascenzo,Consumer,United States,Los Angeles,California,90032,West
KB-16600,Ken Brennan,Corporate,United States,Taylor,Michigan,48180,Central
CC-12220,Chris Cortes,Consumer,United States,Westminster,California,92683,West
EB-14170,Evan Bailliet,Consumer,United States,Laredo,Texas,78041,Central
HF-14995,Herbert Flentye,Consumer,United States,Los Angeles,California,90004,West
SS-20140,Saphhira Shifley,Corporate,United States,Mesquite,Texas,75150,Central
CA-12265,Christina Anderson,Consumer,United States,San Francisco,California,94110,West
NC-18340,Nat Carroll,Consumer,United States,Lansing,Michigan,48911,Central
EA-14035,Erin Ashbrook,Corporate,United States,Columbia,South Carolina,29203,South
JW-15220,Jane Waco,Corporate,United States,Lakewood,Ohio,44107,East
LS-17230,Lycoris Saunders,Consumer,United States,Los Angeles,California,90049,West
GM-14680,Greg Matthias,Consumer,United States,San Jose,California,95123,West
MF-18250,Monica Federle,Corporate,United States,Los Angeles,California,90036,West
BP-11185,Ben Peterman,Corporate,United States,Coral Springs,Florida,33065,South
SW-20350,Sean Wendt,Home Office,United States,Omaha,Nebraska,68104,Central
CV-12805,Cynthia Voltz,Corporate,United States,Los Angeles,California,90045,West
EB-13840,Ellis Ballard,Corporate,United States,Chicago,Illinois,60623,Central
AB-10105,Adrian Barton,Consumer,United States,Detroit,Michigan,48205,Central
MC-17845,Michael Chen,Consumer,United States,New York City,New York,10035,East
PB-19105,Peter Bühler,Consumer,United States,Smyrna,Georgia,30080,South
JL-15505,Jeremy Lonsdale,Consumer,United States,New York City,New York,10035,East
AB-10165,Alan Barnes,Consumer,United States,Lakewood,California,90712,West
GZ-14470,Gary Zandusky,Consumer,United States,Rio Rancho,New Mexico,87124,West
SJ-20500,Shirley Jackson,Consumer,United States,Fairfield,Connecticut,6824,East
YC-21895,Yoseph Carroll,Corporate,United States,Dallas,Texas,75217,Central
EG-13900,Emily Grady,Consumer,United States,Chicago,Illinois,60623,Central
MC-17605,Matt Connell,Corporate,United States,Chicago,Illinois,60610,Central
TB-21175,Thomas Boland,Corporate,United States,Wilson,North Carolina,27893,South
MO-17800,Meg O'Connel,Home Office,United States,San Antonio,Texas,78207,Central
TS-21340,Toby Swindell,Consumer,United States,Los Angeles,California,90036,West
AC-10660,Anna Chung,Consumer,United States,Lawrence,Indiana,46226,Central
EJ-13720,Ed Jacobs,Consumer,United States,Huntsville,Texas,77340,Central
GH-14485,Gene Hale,Corporate,United States,Dallas,Texas,75081,Central
EB-13750,Edward Becker,Corporate,United States,New York City,New York,10011,East
BB-10990,Barry Blumstein,Corporate,United States,Sierra Vista,Arizona,85635,West
DB-12970,Darren Budd,Corporate,United States,Los Angeles,California,90045,West
RE-19450,Richard Eichhorn,Consumer,United States,Auburn,New York,13021,East
CA-11965,Carol Adams,Corporate,United States,Port Arthur,Texas,77642,Central
GH-14425,Gary Hwang,Consumer,United States,Modesto,California,95351,West
SH-19975,Sally Hughsby,Corporate,United States,New York City,New York,10011,East
AB-10015,Aaron Bergman,Consumer,United States,Seattle,Washington,98103,West
EH-14005,Erica Hernandez,Home Office,United States,Lansing,Michigan,48911,Central
JL-15850,John Lucas,Consumer,United States,Seattle,Washington,98105,West
SG-20470,Sheri Gordon,Consumer,United States,Wilson,North Carolina,27893,South
EM-14065,Erin Mull,Consumer,United States,Jacksonville,North Carolina,28540,South
DE-13255,Deanra Eno,Home Office,United States,Dubuque,Iowa,52001,Central
NP-18700,Nora Preis,Consumer,United States,San Francisco,California,94109,West
DK-12895,Dana Kaydos,Consumer,United States,Rockford,Illinois,61107,Central
GR-14560,Georgia Rosenberg,Corporate,United States,San Francisco,California,94110,West
ML-17395,Marina Lichtenstein,Corporate,United States,Seattle,Washington,98103,West
RD-19660,Robert Dilbeck,Home Office,United States,Oakland,California,94601,West
SW-20455,Shaun Weien,Consumer,United States,Lafayette,Louisiana,70506,South
DM-12955,Dario Medina,Corporate,United States,Nashville,Tennessee,37211,South
JG-15310,Jason Gross,Corporate,United States,Providence,Rhode Island,2908,East
GK-14620,Grace Kelly,Corporate,United States,Los Angeles,California,90004,West
JC-15775,John Castell,Consumer,United States,Atlanta,Georgia,30318,South
VM-21685,Valerie Mitchum,Home Office,United States,Westfield,New Jersey,7090,East
AG-10495,Andrew Gjertsen,Corporate,United States,Detroit,Michigan,48234,Central
IL-15100,Ivan Liston,Consumer,United States,Houston,Texas,77041,Central
CA-12775,Cynthia Arntzen,Consumer,United States,Vineland,New Jersey,8360,East
GT-14755,Guy Thornton,Consumer,United States,Long Beach,California,90805,West
JH-15820,John Huston,Consumer,United States,Chicago,Illinois,60610,Central
KN-16705,Kristina Nunn,Home Office,United States,Mcallen,Texas,78501,Central
BF-11275,Beth Fritzler,Corporate,United States,Tucson,Arizona,85705,West
KS-16300,Karen Seio,Corporate,United States,Raleigh,North Carolina,27604,South
KW-16570,Kelly Williams,Consumer,United States,Kirkwood,Missouri,63122,Central
EH-14185,Evan Henry,Consumer,United States,New York City,New York,10035,East
RC-19825,Roy Collins,Consumer,United States,Colorado Springs,Colorado,80906,West
CA-12055,Cathy Armstrong,Home Office,United States,Houston,Texas,77036,Central
SC-20800,Stuart Calhoun,Consumer,United States,Jackson,Mississippi,39212,South
RD-19585,Rob Dowd,Consumer,United States,Detroit,Michigan,48205,Central
AA-10315,Alex Avila,Consumer,United States,Round Rock,Texas,78664,Central
AH-10210,Alan Hwang,Consumer,United States,New York City,New York,10024,East
SC-20440,Shaun Chance,Corporate,United States,Aurora,Colorado,80013,West
LF-17185,Luke Foster,Consumer,United States,Newark,Ohio,43055,East
KM-16225,Kalyca Meade,Corporate,United States,Sunnyvale,California,94086,West
SV-20365,Seth Vernon,Consumer,United States,Dover,Delaware,19901,East
GZ-14545,George Zrebassa,Corporate,United States,Thousand Oaks,California,91360,West
KB-16240,Karen Bern,Corporate,United States,Philadelphia,Pennsylvania,19140,East
LW-16825,Laurel Workman,Corporate,United States,Deltona,Florida,32725,South
WB-21850,William Brown,Consumer,United States,Philadelphia,Pennsylvania,19134,East
BW-11110,Bart Watters,Corporate,United States,Greensboro,North Carolina,27405,South
SR-20425,Sharelle Roach,Home Office,United States,Louisville,Colorado,80027,West
FC-14335,Fred Chung,Corporate,United States,Torrance,California,90503,West
MM-17920,Michael Moore,Consumer,United States,Chesapeake,Virginia,23320,South
BS-11800,Bryan Spruell,Home Office,United States,New York City,New York,10011,East
CD-11920,Carlos Daly,Consumer,United States,Lake Elsinore,California,92530,West
DW-13540,Don Weiss,Consumer,United States,Seattle,Washington,98105,West
HG-14965,Henry Goldwyn,Corporate,United States,Chicago,Illinois,60653,Central
IM-15070,Irene Maddox,Consumer,United States,Philadelphia,Pennsylvania,19120,East
DP-13390,Dennis Pardue,Home Office,United States,North Las Vegas,Nevada,89031,West
MP-17965,Michael Paige,Corporate,United States,Port Saint Lucie,Florida,34952,South
MS-17830,Melanie Seite,Consumer,United States,Rochester,New York,14609,East
CS-12130,Chad Sievert,Consumer,United States,Los Angeles,California,90004,West
JL-15235,Janet Lee,Consumer,United States,Newark,Delaware,19711,East
KD-16615,Ken Dana,Corporate,United States,Los Angeles,California,90032,West
ER-13855,Elpida Rittenbach,Corporate,United States,Saint Paul,Minnesota,55106,Central
KT-16465,Kean Takahito,Consumer,United States,Los Angeles,California,90049,West
PM-18940,Paul MacIntyre,Consumer,United States,Springfield,Virginia,22153,South
BP-11155,Becky Pak,Consumer,United States,Paterson,New Jersey,7501,East
MM-17260,Magdelene Morse,Consumer,United States,Seattle,Washington,98105,West
GM-14455,Gary Mitchum,Home Office,United States,Houston,Texas,77095,Central
TH-21550,Tracy Hopkins,Home Office,United States,New York City,New York,10035,East
DL-12865,Dan Lawera,Consumer,United States,Miami,Florida,33142,South
Dl-13600,Dorris liebe,Corporate,United States,New York City,New York,10035,East
JB-15400,Jennifer Braxton,Corporate,United States,Los Angeles,California,90008,West
LC-17140,Logan Currie,Consumer,United States,Seattle,Washington,98103,West
TB-21055,Ted Butterfield,Consumer,United States,Troy,New York,12180,East
BV-11245,Benjamin Venier,Corporate,United States,Miami,Florida,33142,South
DK-13090,Dave Kipp,Consumer,United States,Long Beach,New York,11561,East
LC-16930,Linda Cazamias,Corporate,United States,Pasadena,Texas,77506,Central
DJ-13510,Don Jones,Corporate,United States,San Diego,California,92037,West
LS-16945,Linda Southworth,Corporate,United States,Philadelphia,Pennsylvania,19140,East
NP-18670,Nora Paige,Consumer,United States,Lakewood,New Jersey,8701,East
BW-11065,Barry Weirich,Consumer,United States,New York City,New York,10035,East
AJ-10960,Astrea Jones,Consumer,United States,New York City,New York,10035,East
LA-16780,Laura Armstrong,Corporate,United States,Detroit,Michigan,48205,Central
DL-13330,Denise Leinenbach,Consumer,United States,Las Cruces,New Mexico,88001,West
FG-14260,Frank Gastineau,Home Office,United States,San Francisco,California,94110,West
MP-18175,Mike Pelletier,Home Office,United States,Laguna Niguel,California,92677,West
MT-17815,Meg Tillman,Consumer,United States,San Francisco,California,94110,West
JK-15370,Jay Kimmel,Consumer,United States,Miami,Florida,33180,South
PC-18745,Pamela Coakley,Corporate,United States,Westfield,New Jersey,7090,East
DC-13285,Debra Catini,Consumer,United States,Plantation,Florida,33317,South
SF-20965,Sylvia Foulston,Corporate,United States,Bedford,Texas,76021,Central
TW-21025,Tamara Willingham,Home Office,United States,New York City,New York,10011,East
ES-14020,Erica Smith,Consumer,United States,New York City,New York,10035,East
JF-15415,Jennifer Ferguson,Consumer,United States,Saint Charles,Missouri,63301,Central
RS-19765,Roland Schwarz,Corporate,United States,Charlotte,North Carolina,28205,South
BM-11575,Brendan Murry,Corporate,United States,Los Angeles,California,90045,West
KM-16660,Khloe Miller,Consumer,United States,Roswell,Georgia,30076,South
DB-13270,Deborah Brumfield,Home Office,United States,San Diego,California,92024,West
PO-19195,Phillina Ober,Home Office,United States,San Francisco,California,94122,West
LD-17005,Lisa DeCherney,Consumer,United States,San Francisco,California,94122,West
NP-18325,Naresj Patel,Consumer,United States,San Francisco,California,94122,West
AS-10090,Adam Shillingsburg,Consumer,United States,Irving,Texas,75061,Central
NW-18400,Natalie Webber,Consumer,United States,Philadelphia,Pennsylvania,19120,East
LL-16840,Lauren Leatherbury,Consumer,United States,Seattle,Washington,98105,West
AS-10630,Ann Steele,Home Office,United States,San Francisco,California,94110,West
DB-12910,Daniel Byrd,Home Office,United States,Lake Forest,California,92630,West
RS-19870,Roy Skaria,Home Office,United States,Burlington,Iowa,52601,Central
TP-21130,Theone Pippenger,Consumer,United States,Georgetown,Kentucky,40324,South
MS-17710,Maurice Satty,Consumer,United States,Fresno,California,93727,West
CL-12565,Clay Ludtke,Consumer,United States,Cleveland,Ohio,44105,East
TT-21220,Thomas Thornton,Consumer,United States,San Francisco,California,94109,West
CM-12160,Charles McCrossin,Consumer,United States,Philadelphia,Pennsylvania,19143,East
RB-19795,Ross Baird,Home Office,United States,Charlotte,North Carolina,28205,South
EM-14200,Evan Minnotte,Home Office,United States,Virginia Beach,Virginia,23464,South
CK-12595,Clytie Kelty,Consumer,United States,Little Rock,Arkansas,72209,South
RA-19915,Russell Applegate,Consumer,United States,Columbus,Indiana,47201,Central
BE-11410,Bobby Elias,Consumer,United States,Concord,California,94521,West
MH-17620,Matt Hagelstein,Corporate,United States,Cincinnati,Ohio,45231,East
TN-21040,Tanja Norvell,Home Office,United States,Phoenix,Arizona,85023,West
PA-19060,Pete Armstrong,Home Office,United States,Dallas,Texas,75220,Central
GA-14725,Guy Armstrong,Consumer,United States,Rogers,Arkansas,72756,South
JK-16120,Julie Kriz,Home Office,United States,Aurora,Illinois,60505,Central
NZ-18565,Nick Zandusky,Home Office,United States,Toledo,Ohio,43615,East
LC-16885,Lena Creighton,Consumer,United States,Los Angeles,California,90049,West
ON-18715,Odella Nelson,Corporate,United States,Cary,North Carolina,27511,South
VT-21700,Valerie Takahito,Home Office,United States,Houston,Texas,77070,Central
EB-13930,Eric Barreto,Consumer,United States,Richmond,Virginia,23223,South
PB-19210,Phillip Breyer,Corporate,United States,Tulsa,Oklahoma,74133,Central
RW-19630,Rob Williams,Corporate,United States,Overland Park,Kansas,66212,Central
CS-12250,Chris Selesnick,Corporate,United States,San Diego,California,92105,West
TZ-21580,Tracy Zic,Consumer,United States,Lakewood,California,90712,West
JC-15385,Jenna Caffey,Consumer,United States,Kent,Washington,98031,West
RM-19675,Robert Marley,Home Office,United States,New York City,New York,10011,East
DW-13480,Dianna Wilson,Home Office,United States,Louisville,Kentucky,40214,South
MH-17290,Marc Harrigan,Home Office,United States,Philadelphia,Pennsylvania,19140,East
VP-21730,Victor Preis,Home Office,United States,Las Vegas,Nevada,89115,West
TC-21295,Toby Carlisle,Consumer,United States,Jupiter,Florida,33458,South
MK-18160,Mike Kennedy,Consumer,United States,San Francisco,California,94122,West
AA-10375,Allen Armold,Consumer,United States,Atlanta,Georgia,30318,South
AA-10645,Anna Andreadi,Consumer,United States,San Diego,California,92105,West
HK-14890,Heather Kirkland,Corporate,United States,Detroit,Michigan,48234,Central
JR-15670,Jim Radford,Consumer,United States,Middletown,Connecticut,6457,East
BF-11215,Benjamin Farhat,Home Office,United States,Dallas,Texas,75217,Central
JE-15715,Joe Elijah,Consumer,United States,Las Cruces,New Mexico,88001,West
EL-13735,Ed Ludwig,Home Office,United States,Jefferson City,Missouri,65109,Central
HJ-14875,Heather Jas,Home Office,United States,San Francisco,California,94122,West
EH-14125,Eugene Hildebrand,Home Office,United States,Philadelphia,Pennsylvania,19140,East
FM-14380,Fred McMath,Consumer,United States,Jacksonville,North Carolina,28540,South
JP-15520,Jeremy Pistek,Consumer,United States,Davis,California,95616,West
AM-10705,Anne McFarland,Consumer,United States,Auburn,Alabama,36830,South
NG-18430,Nathan Gelder,Consumer,United States,Los Angeles,California,90008,West
PO-19180,Philisse Overcash,Home Office,United States,Seattle,Washington,98103,West
BM-11650,Brian Moss,Corporate,United States,San Diego,California,92037,West
SP-20860,Sung Pak,Corporate,United States,Los Angeles,California,90036,West
EM-13810,Eleni McCrary,Corporate,United States,New York City,New York,10009,East
JO-15550,Jesus Ocampo,Home Office,United States,Seattle,Washington,98105,West
LM-17065,Liz MacKendrick,Consumer,United States,Springfield,Ohio,45503,East
NB-18580,Nicole Brennan,Corporate,United States,Philadelphia,Pennsylvania,19134,East
AJ-10945,Ashley Jarboe,Consumer,United States,San Francisco,California,94110,West
CC-12610,Corey Catlett,Corporate,United States,Houston,Texas,77041,Central
JK-15205,Jamie Kunitz,Consumer,United States,Arlington,Virginia,22204,South
MC-17590,Matt Collister,Corporate,United States,Perth Amboy,New Jersey,8861,East
JF-15490,Jeremy Farry,Consumer,United States,Chicago,Illinois,60653,Central
HH-15010,Hilary Holden,Corporate,United States,San Francisco,California,94110,West
TH-21235,Tiffany House,Corporate,United States,New York City,New York,10024,East
LD-16855,Lela Donovan,Corporate,United States,Chicago,Illinois,60653,Central
ML-17755,Max Ludwig,Home Office,United States,Marion,Iowa,52302,Central
DK-12985,Darren Koutras,Consumer,United States,Henderson,Kentucky,42420,South
FM-14290,Frank Merwin,Home Office,United States,Bryan,Texas,77803,Central
DM-13525,Don Miller,Corporate,United States,Palm Coast,Florida,32137,South
CH-12070,Cathy Hwang,Home Office,United States,Philadelphia,Pennsylvania,19143,East
JS-15595,Jill Stevenson,Corporate,United States,Miami,Florida,33180,South
BO-11350,Bill Overfelt,Corporate,United States,Philadelphia,Pennsylvania,19134,East
MG-17890,Michael Granlund,Home Office,United States,Saint Charles,Illinois,60174,Central
RD-19720,Roger Demir,Consumer,United States,Morgan Hill,California,95037,West
MG-17875,Michael Grace,Home Office,United States,Arlington,Virginia,22204,South
AH-10465,Amy Hunt,Consumer,United States,Dallas,Texas,75217,Central
NC-18625,Noah Childs,Corporate,United States,York,Pennsylvania,17403,East
TT-21265,Tim Taslimi,Corporate,United States,New York City,New York,10024,East
BT-11680,Brian Thompson,Consumer,United States,Houston,Texas,77041,Central
HP-14815,Harold Pawlan,Home Office,United States,Concord,New Hampshire,3301,East
RF-19735,Roland Fjeld,Consumer,United States,San Diego,California,92105,West
SJ-20125,Sanjit Jacobs,Home Office,United States,New Brunswick,New Jersey,8901,East
RC-19960,Ryan Crowe,Consumer,United States,Springfield,Oregon,97477,West
RK-19300,Ralph Kennedy,Consumer,United States,South Bend,Indiana,46614,Central
SC-20305,Sean Christensen,Consumer,United States,Los Angeles,California,90036,West
CB-12415,Christy Brittain,Consumer,United States,Chicago,Illinois,60610,Central
JD-15790,John Dryer,Consumer,United States,Jacksonville,Florida,32216,South
BS-11755,Bruce Stewart,Consumer,United States,San Francisco,California,94122,West
NL-18310,Nancy Lomonaco,Home Office,United States,Los Angeles,California,90045,West
SE-20110,Sanjit Engle,Consumer,United States,Springfield,Oregon,97477,West
DK-13375,Dennis Kane,Consumer,United States,New York City,New York,10024,East
EN-13780,Edward Nazzal,Consumer,United States,Grand Rapids,Michigan,49505,Central
CC-12430,Chuck Clark,Home Office,United States,Lakewood,California,90712,West
CS-12460,Chuck Sachs,Consumer,United States,New York City,New York,10009,East
JM-15250,Janet Martin,Consumer,United States,Baltimore,Maryland,21215,East
MC-18100,Mick Crebagga,Consumer,United States,Chicago,Illinois,60623,Central
VP-21760,Victoria Pisteka,Corporate,United States,San Francisco,California,94109,West
ME-17320,Maria Etezadi,Home Office,United States,Springfield,Virginia,22153,South
